{
  "project_info": {
    "project_number": "219087732465",
    "firebase_url": "https://login-2811f.firebaseio.com",
    "project_id": "login-2811f",
    "storage_bucket": "login-2811f.appspot.com"
  },
  "client": [
    {
      "client_info": {
        "mobilesdk_app_id": "1:219087732465:android:6f9e9030517451d902f350",
        "android_client_info": {
          "package_name": "com.example.login"
        }
      },
      "oauth_client": [
        {
          "client_id": "219087732465-bittuu6huhjqr8ujcj8h44ulggq6puu1.apps.googleusercontent.com",
          "client_type": 1,
          "android_info": {
            "package_name": "com.example.login",
            "certificate_hash": "116c3659b1e34a341af319cedfc404aa1ca967ea"
          }
        },
        {
          "client_id": "219087732465-c7u4g766tii2ksfuu6l072ggmtvs1ner.apps.googleusercontent.com",
          "client_type": 3
        }
      ],
      "api_key": [
        {
          "current_key": "AIzaSyDXsEEz6WYlEJZo78HdwOtFGMqzvizn7yc"
        }
      ],
      "services": {
        "appinvite_service": {
          "other_platform_oauth_client": [
            {
              "client_id": "219087732465-c7u4g766tii2ksfuu6l072ggmtvs1ner.apps.googleusercontent.com",
              "client_type": 3
            }
          ]
        }
      }
    }
  ],
  "configuration_version": "1"
}